Workbook

Sheet ΠΙΝ1
A1: Περιφέρεια και Περιφερειακή Ενότητα | B1: Αριθμός | C1: Όροφοι | D1: Όγκος | E1: Επιφάνεια | F1: Region and Regional Unit | G1: Category | H1: Date
A2: Σύνολο Χώρας | B2: 11650 | C2: 24292 | D2: 20608577 | E2: 4731479 | F2: Greece, Total | G2: =IF(ISNUMBER(SEARCH("Σύνολο Χώρας",A2)),"Country Total",IF(ISNUMBER(SEARCH("ΠΕΡΙΦΕΡΕΙΑΚΗ ΕΝΟΤΗΤΑ",A2)),"Regional Unit",IF(ISNUMBER(SEARCH("ΠΕΡΙΦΕΡΕΙΑ",A2)),"Region","Check text"))) -> Country Total | H2: 45658
A3: ΠΕΡΙΦΕΡΕΙΑ ΑΤΤΙΚΗΣ | B3: 2134 | C3: 6851 | D3: 5781828 | E3: 1320364 | F3: REGION OF ATTIKI | G3: =IF(ISNUMBER(SEARCH("Σύνολο Χώρας",A3)),"Country Total",IF(ISNUMBER(SEARCH("ΠΕΡΙΦΕΡΕΙΑΚΗ ΕΝΟΤΗΤΑ",A3)),"Regional Unit",IF(ISNUMBER(SEARCH("ΠΕΡΙΦΕΡΕΙΑ",A3)),"Region","Check text"))) -> Region | H3: 45658
A4: ΠΕΡΙΦΕΡΕΙΑΚΗ ΕΝΟΤΗΤΑ ΚΕΝΤΡΙΚΟΥ ΤΟΜΕΑ ΑΘΗΝΩΝ | B4: 149 | C4: 794 | D4: 323937 | E4: 97584 | F4: REGIONAL UNIT OF KENTRIKOS TOMEAS ATHINON (CENTRAL SECTOR OF ATHENS) | G4: =IF(ISNUMBER(SEARCH("Σύνολο Χώρας",A4)),"Country Total",IF(ISNUMBER(SEARCH("ΠΕΡΙΦΕΡΕΙΑΚΗ ΕΝΟΤΗΤΑ",A4)),"Regional Unit",IF(ISNUMBER(SEARCH("ΠΕΡΙΦΕΡΕΙΑ",A4)),"Region","Check text"))) -> Regional Unit | H4: 45658
A5: ΠΕΡΙΦΕΡΕΙΑΚΗ ΕΝΟΤΗΤΑ ΒΟΡΕΙΟΥ ΤΟΜΕΑ ΑΘΗΝΩΝ | B5: 346 | C5: 1226 | D5: 988671 | E5: 270013 | F5: REGIONAL UNIT OF VOREIOS TOMEAS ATHINON (NORTH SECTOR OF ATHENS) | G5: =IF(ISNUMBER(SEARCH("Σύνολο Χώρας",A5)),"Country Total",IF(ISNUMBER(SEARCH("ΠΕΡΙΦΕΡΕΙΑΚΗ ΕΝΟΤΗΤΑ",A5)),"Regional Unit",IF(ISNUMBER(SEARCH("ΠΕΡΙΦΕΡΕΙΑ",A5)),"Region","Check text"))) -> Regional Unit | H5: 45658
A6: ΠΕΡΙΦΕΡΕΙΑΚΗ ΕΝΟΤΗΤΑ ΔΥΤΙΚΟΥ ΤΟΜΕΑ ΑΘΗΝΩΝ | B6: 177 | C6: 735 | D6: 277774 | E6: 79479 | F6: REGIONAL UNIT OF DYTIKOS TOMEAS ATHINON (WESTERN SECTOR OF ATHENS) | G6: =IF(ISNUMBER(SEARCH("Σύνολο Χώρας",A6)),"Country Total",IF(ISNUMBER(SEARCH("ΠΕΡΙΦΕΡΕΙΑΚΗ ΕΝΟΤΗΤΑ",A6)),"Regional Unit",IF(ISNUMBER(SEARCH("ΠΕΡΙΦΕΡΕΙΑ",A6)),"Region","Check text"))) -> Regional Unit | H6: 45658
A7: ΠΕΡΙΦΕΡΕΙΑΚΗ ΕΝΟΤΗΤΑ ΝΟΤΙΟΥ ΤΟΜΕΑ ΑΘΗΝΩΝ | B7: 239 | C7: 1187 | D7: 882002 | E7: 249087 | F7: REGIONAL UNIT OF NOTIOS TOMEAS ATHINON (SOUTH SECTOR OF ATHENS) | G7: =IF(ISNUMBER(SEARCH("Σύνολο Χώρας",A7)),"Country Total",IF(ISNUMBER(SEARCH("ΠΕΡΙΦΕΡΕΙΑΚΗ ΕΝΟΤΗΤΑ",A7)),"Regional Unit",IF(ISNUMBER(SEARCH("ΠΕΡΙΦΕΡΕΙΑ",A7)),"Region","Check text"))) -> Regional Unit | H7: 45658
A8: ΠΕΡΙΦΕΡΕΙΑΚΗ ΕΝΟΤΗΤΑ ΑΝΑΤΟΛΙΚΗΣ ΑΤΤΙΚΗΣ | B8: 793 | C8: 1645 | D8: 1361519 | E8: 315318 | F8: REGIONAL UNIT OF ANATOLIKI ATTIKI | G8: =IF(ISNUMBER(SEARCH("Σύνολο Χώρας",A8)),"Country Total",IF(ISNUMBER(SEARCH("ΠΕΡΙΦΕΡΕΙΑΚΗ ΕΝΟΤΗΤΑ",A8)),"Regional Unit",IF(ISNUMBER(SEARCH("ΠΕΡΙΦΕΡΕΙΑ",A8)),"Region","Check text"))) -> Regional Unit | H8: 45658
A9: ΠΕΡΙΦΕΡΕΙΑΚΗ ΕΝΟΤΗΤΑ ΔΥΤΙΚΗΣ ΑΤΤΙΚΗΣ | B9: 136 | C9: 251 | D9: 1431710 | E9: 173500 | F9: REGIONAL UNIT OF DYTIKI ATTIKI | G9: =IF(ISNUMBER(SEARCH("Σύνολο Χώρας",A9)),"Country Total",IF(ISNUMBER(SEARCH("ΠΕΡΙΦΕΡΕΙΑΚΗ ΕΝΟΤΗΤΑ",A9)),"Regional Unit",IF(ISNUMBER(SEARCH("ΠΕΡΙΦΕΡΕΙΑ",A9)),"Region","Check text"))) -> Regional Unit | H9: 45658
A10: ΠΕΡΙΦΕΡΕΙΑΚΗ ΕΝΟΤΗΤΑ ΠΕΙΡΑΙΩΣ | B10: 133 | C10: 747 | D10: 354448 | E10: 92589 | F10: REGIONAL UNIT OF PIREAS | G10: =IF(ISNUMBER(SEARCH("Σύνολο Χώρας",A10)),"Country Total",IF(ISNUMBER(SEARCH("ΠΕΡΙΦΕΡΕΙΑΚΗ ΕΝΟΤΗΤΑ",A10)),"Regional Unit",IF(ISNUMBER(SEARCH("ΠΕΡΙΦΕΡΕΙΑ",A10)),"Region","Check text"))) -> Regional Unit | H10: 45658
A11: ΠΕΡΙΦΕΡΕΙΑΚΗ ΕΝΟΤΗΤΑ ΝΗΣΩΝ | B11: 161 | C11: 266 | D11: 161767 | E11: 42794 | F11: REGIONAL UNIT OF NISIA (ISLANDS) | G11: =IF(ISNUMBER(SEARCH("Σύνολο Χώρας",A11)),"Country Total",IF(ISNUMBER(SEARCH("ΠΕΡΙΦΕΡΕΙΑΚΗ ΕΝΟΤΗΤΑ",A11)),"Regional Unit",IF(ISNUMBER(SEARCH("ΠΕΡΙΦΕΡΕΙΑ",A11)),"Region","Check text"))) -> Regional Unit | H11: 45658
A12: ΠΕΡΙΦΕΡΕΙΑ ΑΝΑΤΟΛΙΚΗΣ ΜΑΚΕΔΟΝΙΑΣ ΚΑΙ ΘΡΑΚΗΣ | B12: 714 | C12: 1568 | D12: 1184646 | E12: 289840 | F12: REGION OF ANATOLIKI MAKEDONIA,THRAKI | G12: =IF(ISNUMBER(SEARCH("Σύνολο Χώρας",A12)),"Country Total",IF(ISNUMBER(SEARCH("ΠΕΡΙΦΕΡΕΙΑΚΗ ΕΝΟΤΗΤΑ",A12)),"Regional Unit",IF(ISNUMBER(SEARCH("ΠΕΡΙΦΕΡΕΙΑ",A12)),"Region","Check text"))) -> Region | H12: 45658
A13: ΠΕΡΙΦΕΡΕΙΑΚΗ ΕΝΟΤΗΤΑ ΡΟΔΟΠΗΣ | B13: 91 | C13: 179 | D13: 101224 | E13: 26423 | F13: REGIONAL UNIT OF RODOPI | G13: =IF(ISNUMBER(SEARCH("Σύνολο Χώρας",A13)),"Country Total",IF(ISNUMBER(SEARCH("ΠΕΡΙΦΕΡΕΙΑΚΗ ΕΝΟΤΗΤΑ",A13)),"Regional Unit",IF(ISNUMBER(SEARCH("ΠΕΡΙΦΕΡΕΙΑ",A13)),"Region","Check text"))) -> Regional Unit | H13: 45658
... A89: ΠΕΡΙΦΕΡΕΙΑΚΗ ΕΝΟΤΗΤΑ ΧΑΝΙΩΝ | B89: 575 | C89: 1022 | D89: 638777 | E89: 175880 | F89: REGIONAL UNIT OF CHANIA | G89: =IF(ISNUMBER(SEARCH("Σύνολο Χώρας",A89)),"Country Total",IF(ISNUMBER(SEARCH("ΠΕΡΙΦΕΡΕΙΑΚΗ ΕΝΟΤΗΤΑ",A89)),"Regional Unit",IF(ISNUMBER(SEARCH("ΠΕΡΙΦΕΡΕΙΑ",A89)),"Region","Check text"))) -> Regional Unit | H89: 45658

Sheet ΕΛ
A1: Περιφέρεια | B1: Αριθμός Number | C1: Όροφοι Storeys | D1: Όγκος Volume | E1: Επιφάνεια Surface
A2: Σύνολο Χώρας | B2: =ΠΙΝ1!B2-SUMIF(ΠΙΝ1!$A3:$A89,"ΠΕΡΙΦΕΡΕΙΑ "&"*",ΠΙΝ1!B3:B89) -> 0 | C2: =ΠΙΝ1!C2-SUMIF(ΠΙΝ1!$A3:$A89,"ΠΕΡΙΦΕΡΕΙΑ "&"*",ΠΙΝ1!C3:C89) -> 0 | D2: =ΠΙΝ1!D2-SUMIF(ΠΙΝ1!$A3:$A89,"ΠΕΡΙΦΕΡΕΙΑ "&"*",ΠΙΝ1!D3:D89) -> 0 | E2: =ΠΙΝ1!E2-SUMIF(ΠΙΝ1!$A3:$A89,"ΠΕΡΙΦΕΡΕΙΑ "&"*",ΠΙΝ1!E3:E89) -> 0
A3: ΠΕΡΙΦΕΡΕΙΑ ΑΤΤΙΚΗΣ | B3: =ΠΙΝ1!B3-SUM(ΠΙΝ1!B4:B11) -> 0 | C3: =ΠΙΝ1!C3-SUM(ΠΙΝ1!C4:C11) -> 0 | D3: =ΠΙΝ1!D3-SUM(ΠΙΝ1!D4:D11) -> 0 | E3: =ΠΙΝ1!E3-SUM(ΠΙΝ1!E4:E11) -> 0
A4: ΠΕΡΙΦΕΡΕΙΑ ΑΝΑΤΟΛΙΚΗΣ ΜΑΚΕΔΟΝΙΑΣ ΚΑΙ ΘΡΑΚΗΣ | B4: =ΠΙΝ1!B12-SUM(ΠΙΝ1!B13:B18) -> 0 | C4: =ΠΙΝ1!C12-SUM(ΠΙΝ1!C13:C18) -> 0 | D4: =ΠΙΝ1!D12-SUM(ΠΙΝ1!D13:D18) -> 0 | E4: =ΠΙΝ1!E12-SUM(ΠΙΝ1!E13:E18) -> 0
A5: ΠΕΡΙΦΕΡΕΙΑ ΚΕΝΤΡΙΚΗΣ ΜΑΚΕΔΟΝΙΑΣ | B5: =ΠΙΝ1!B19-SUM(ΠΙΝ1!B20:B26) -> 0 | C5: =ΠΙΝ1!C19-SUM(ΠΙΝ1!C20:C26) -> 0 | D5: =ΠΙΝ1!D19-SUM(ΠΙΝ1!D20:D26) -> 0 | E5: =ΠΙΝ1!E19-SUM(ΠΙΝ1!E20:E26) -> 0
A6: ΠΕΡΙΦΕΡΕΙΑ ΔΥΤΙΚΗΣ ΜΑΚΕΔΟΝΙΑΣ | B6: =ΠΙΝ1!B27-SUM(ΠΙΝ1!B28:B31) -> 0 | C6: =ΠΙΝ1!C27-SUM(ΠΙΝ1!C28:C31) -> 0 | D6: =ΠΙΝ1!D27-SUM(ΠΙΝ1!D28:D31) -> 0 | E6: =ΠΙΝ1!E27-SUM(ΠΙΝ1!E28:E31) -> 0
A7: ΠΕΡΙΦΕΡΕΙΑ ΗΠΕΙΡΟΥ | B7: =ΠΙΝ1!B32-SUM(ΠΙΝ1!B33:B36) -> 0 | C7: =ΠΙΝ1!C32-SUM(ΠΙΝ1!C33:C36) -> 0 | D7: =ΠΙΝ1!D32-SUM(ΠΙΝ1!D33:D36) -> 0 | E7: =ΠΙΝ1!E32-SUM(ΠΙΝ1!E33:E36) -> 0
A8: ΠΕΡΙΦΕΡΕΙΑ ΘΕΣΣΑΛΙΑΣ | B8: =ΠΙΝ1!B37-SUM(ΠΙΝ1!B38:B42) -> 0 | C8: =ΠΙΝ1!C37-SUM(ΠΙΝ1!C38:C42) -> 0 | D8: =ΠΙΝ1!D37-SUM(ΠΙΝ1!D38:D42) -> 0 | E8: =ΠΙΝ1!E37-SUM(ΠΙΝ1!E38:E42) -> 0
A9: ΠΕΡΙΦΕΡΕΙΑ ΣΤΕΡΕΑΣ ΕΛΛΑΔΑΣ | B9: =ΠΙΝ1!B43-SUM(ΠΙΝ1!B44:B48) -> 0 | C9: =ΠΙΝ1!C43-SUM(ΠΙΝ1!C44:C48) -> 0 | D9: =ΠΙΝ1!D43-SUM(ΠΙΝ1!D44:D48) -> 0 | E9: =ΠΙΝ1!E43-SUM(ΠΙΝ1!E44:E48) -> 0
A10: ΠΕΡΙΦΕΡΕΙΑ ΙΟΝΙΩΝ ΝΗΣΩΝ | B10: =ΠΙΝ1!B49-SUM(ΠΙΝ1!B50:B54) -> 0 | C10: =ΠΙΝ1!C49-SUM(ΠΙΝ1!C50:C54) -> 0 | D10: =ΠΙΝ1!D49-SUM(ΠΙΝ1!D50:D54) -> 0 | E10: =ΠΙΝ1!E49-SUM(ΠΙΝ1!E50:E54) -> 0
A11: ΠΕΡΙΦΕΡΕΙΑ ΔΥΤΙΚΗΣ ΕΛΛΑΔΑΣ | B11: =ΠΙΝ1!B55-SUM(ΠΙΝ1!B56:B58) -> 0 | C11: =ΠΙΝ1!C55-SUM(ΠΙΝ1!C56:C58) -> 0 | D11: =ΠΙΝ1!D55-SUM(ΠΙΝ1!D56:D58) -> 0 | E11: =ΠΙΝ1!E55-SUM(ΠΙΝ1!E56:E58) -> 0
A12: ΠΕΡΙΦΕΡΕΙΑ ΠΕΛΟΠΟΝΝΗΣΟΥ | B12: =ΠΙΝ1!B59-SUM(ΠΙΝ1!B60:B64) -> 0 | C12: =ΠΙΝ1!C59-SUM(ΠΙΝ1!C60:C64) -> 0 | D12: =ΠΙΝ1!D59-SUM(ΠΙΝ1!D60:D64) -> 0 | E12: =ΠΙΝ1!E59-SUM(ΠΙΝ1!E60:E64) -> 0
A13: ΠΕΡΙΦΕΡΕΙΑ ΒΟΡΕΙΟΥ ΑΙΓΑΙΟΥ | B13: =ΠΙΝ1!B65-SUM(ΠΙΝ1!B66:B70) -> 0 | C13: =ΠΙΝ1!C65-SUM(ΠΙΝ1!C66:C70) -> 0 | D13: =ΠΙΝ1!D65-SUM(ΠΙΝ1!D66:D70) -> 0 | E13: =ΠΙΝ1!E65-SUM(ΠΙΝ1!E66:E70) -> 0
A14: ΠΕΡΙΦΕΡΕΙΑ ΝΟΤΙΟΥ ΑΙΓΑΙΟΥ | B14: =ΠΙΝ1!B71-SUM(ΠΙΝ1!B72:B84) -> 0 | C14: =ΠΙΝ1!C71-SUM(ΠΙΝ1!C72:C84) -> 0 | D14: =ΠΙΝ1!D71-SUM(ΠΙΝ1!D72:D84) -> 0 | E14: =ΠΙΝ1!E71-SUM(ΠΙΝ1!E72:E84) -> 0
A15: ΠΕΡΙΦΕΡΕΙΑ ΚΡΗΤΗΣ | B15: =ΠΙΝ1!B85-SUM(ΠΙΝ1!B86:B89) -> 0 | C15: =ΠΙΝ1!C85-SUM(ΠΙΝ1!C86:C89) -> 0 | D15: =ΠΙΝ1!D85-SUM(ΠΙΝ1!D86:D89) -> 0 | E15: =ΠΙΝ1!E85-SUM(ΠΙΝ1!E86:E89) -> 0
